{
  "project_info": {
    "project_number": "893269192428",
    "firebase_url": "https://mini-project-master-f45cc.firebaseio.com",
    "project_id": "mini-project-master-f45cc",
    "storage_bucket": "mini-project-master-f45cc.appspot.com"
  },
  "client": [
    {
      "client_info": {
        "mobilesdk_app_id": "1:893269192428:android:e130f8c0f31291ed5e3fc9",
        "android_client_info": {
          "package_name": "com.almubarmiz.apnipharmacy"
        }
      },
      "oauth_client": [
        {
          "client_id": "893269192428-8aqsi7fh67pek44rgb42qn5h0v3fbb9f.apps.googleusercontent.com",
          "client_type": 1,
          "android_info": {
            "package_name": "com.almubarmiz.apnipharmacy",
            "certificate_hash": "5b40344f6167d1b572aea6c6b347bd943fbefdf8"
          }
        },
        {
          "client_id": "893269192428-nhttlpuhpboggtcje4lkc25q65pl5pma.apps.googleusercontent.com",
          "client_type": 3
        }
      ],
      "api_key": [
        {
          "current_key": "AIzaSyCk6eAxjHqnzSHNNI1UVafSG6MYFxcL0NU"
        }
      ],
      "services": {
        "appinvite_service": {
          "other_platform_oauth_client": [
            {
              "client_id": "893269192428-nhttlpuhpboggtcje4lkc25q65pl5pma.apps.googleusercontent.com",
              "client_type": 3
            }
          ]
        }
      }
    },
    {
      "client_info": {
        "mobilesdk_app_id": "1:893269192428:android:0d028cc0fd73394b5e3fc9",
        "android_client_info": {
          "package_name": "com.example.valarmorghulis.firebaseauth"
        }
      },
      "oauth_client": [
        {
          "client_id": "893269192428-6g7hnt4ildkn7vhu3f782mtf4e3rj40t.apps.googleusercontent.com",
          "client_type": 1,
          "android_info": {
            "package_name": "com.example.valarmorghulis.firebaseauth",
            "certificate_hash": "5b40344f6167d1b572aea6c6b347bd943fbefdf8"
          }
        },
        {
          "client_id": "893269192428-nhttlpuhpboggtcje4lkc25q65pl5pma.apps.googleusercontent.com",
          "client_type": 3
        }
      ],
      "api_key": [
        {
          "current_key": "AIzaSyCk6eAxjHqnzSHNNI1UVafSG6MYFxcL0NU"
        }
      ],
      "services": {
        "appinvite_service": {
          "other_platform_oauth_client": [
            {
              "client_id": "893269192428-nhttlpuhpboggtcje4lkc25q65pl5pma.apps.googleusercontent.com",
              "client_type": 3
            }
          ]
        }
      }
    }
  ],
  "configuration_version": "1"
}